595M,Comeng17
518M-4,Comeng17
836M,Comeng17
106M,Comeng17
866M-3,Comeng17
1233,Comeng17
945M,Comeng17
9025-7,Comeng17
1232,Comeng17
7001,Comeng17
7005-4,Comeng17
Y161,Comeng17
1124,Comeng17
1M,Comeng17
1M-2,Comeng17
44M,Comeng17
9033,Comeng17
188M,Comeng17
853M-4,Comeng17
229M,Comeng17
943M,Comeng17
914M,Comeng17
943M-2,Comeng17
73M,Comeng17
73M-3,Comeng17
177M,Comeng17
P16,Comeng17
9954-2,kansar
Tecoma,one986
1234,one986
9943,one986
286-2,one986
Moreland,one986
Camberwell,one986
J541,datrandomguy
Raywood,datrandomguy
N471-3,datrandomguy
Maryborough,datrandomguy
Warrnambool-2,datrandomguy
Gardiner,datrandomguy
9003,Astboosten
15M,Comeng17
9002,Astboosten
324M,Astboosten
704M,Astboosten
138M,Astboosten
645M-2,Astboosten
N466,Comeng17
2001,Comeng17
ACD6048,Comeng17
G515,Comeng17
NR30,Comeng17
NR30-2,Comeng17
721M-3,Siemensisthebestlol
72M,Siemensisthebestlol
625M-2,Siemensisthebestlol
1260,Siemensisthebestlol
917M,Siemensisthebestlol
865M,Siemensisthebestlol
423M,sharmanismypookie
198M-2,sharmanismypookie
856M-5,Siemensisthebestlol
K153-4,sharmanismypookie
606M-2,sharmanismypookie
VL357-2,Comeng17
NR12,Comeng17
7008,Comeng17
7005-5,Comeng17
2108-2,Heraaa
903M(H)-2,Heraaa
P12,Heraaa
Y143,Heraaa
L1160,Heraaa
600 BK,Heraaa
903M(H)-3,Heraaa
Y143-2,Heraaa
N452,Richy Transport
VL353-2,Siemensisthebestlol
S313,Heraaa
S301,Heraaa
B72,Heraaa
178M-5,Heraaa
703,Heraaa
NR50,Michael VK3HSP
